lender_name,exp_rate,money_lent,exp_return
John,0.081,160,172.95999999999998
Mary,0.104,160,176.64000000000001
Mary,0.104,170,187.68
Mary,0.104,170,187.68
